,title,created,type,price,available,sku
0,Party Bundle,2020-08-18T21:07:52-04:00,Bundle,22.49,False,01782
1,Head In The Clouds Blanket Hoodie,2023-01-03T15:44:22-05:00,Hoodie,69.99,True,70000
2,Zig-Zag x Flower Mill - Grinder,2022-07-13T14:02:26-04:00,,74.99,True,01917
3,Large Vintage Blue Rolling Tray,2022-07-18T11:43:29-04:00,Accessories,10.80,True,99116
4,Large Vintage White Rolling Tray,2022-07-18T11:41:32-04:00,Accessories,10.80,True,99113
5,Small Vintage Starburst Rolling Tray,2022-07-18T11:37:26-04:00,Accessories,7.20,True,99111
6,Small Vintage Lanterns Rolling Tray,2022-07-18T11:38:53-04:00,Accessories,7.20,True,99109
7,Terpene Infused Hemp Cones - Shortcake,2022-06-28T15:25:52-04:00,Hemp Cones,1.88,True,10667
8,Terpene Infused Hemp Cones - Shortcake,2022-06-28T15:25:52-04:00,Hemp Cones,24.30,True,10668
9,Terpene Infused Hemp Cones - Limoncello,2022-06-28T15:25:59-04:00,Hemp Cones,1.88,True,10674
10,Terpene Infused Hemp Cones - Limoncello,2022-06-28T15:25:59-04:00,Hemp Cones,24.30,True,10675
11,Terpene Infused Hemp Cones - Grand Daddy Purp,2022-06-28T15:26:06-04:00,Hemp Cones,1.88,True,10663
12,Terpene Infused Hemp Cones - Grand Daddy Purp,2022-06-28T15:26:06-04:00,Hemp Cones,24.30,True,10664
13,Terpene Infused Hemp Cones - Clementine,2022-06-28T15:25:45-04:00,Hemp Cones,1.88,True,10670
14,Terpene Infused Hemp Cones - Clementine,2022-06-28T15:25:45-04:00,Hemp Cones,24.30,True,10671
15,Rose Cones,2022-05-03T17:41:03-04:00,Cones,15.99,True,10677
16,Rose Cones,2022-05-03T17:41:03-04:00,Cones,116.00,True,10678
17,Tin Sign - French Orange,2022-04-07T18:30:00-04:00,,11.99,True,E424315
18,Tin Sign - Original White,2022-04-07T18:29:58-04:00,,11.99,True,E424314
19,Tin Sign - Organic Hemp,2022-04-07T18:29:57-04:00,,11.99,True,E424313
20,Tin Sign - Unbleached Cones,2022-04-07T18:29:55-04:00,,11.99,True,E424312
21,New School 1 1/4 Bundle,2020-01-02T18:58:32-05:00,Bundle,13.49,True,01777
22,The Roller Bundle,2020-01-02T17:39:45-05:00,Bundle,13.49,True,01772
23,Unbleached Bundle,2020-09-01T14:05:17-04:00,Bundle,13.49,True,01794
24,Zig-Zag Tie-Dye Skateboard,2022-01-19T15:29:08-05:00,Apparel,59.99,True,01845
25,Zig-Zag Original White Skateboard,2022-01-19T15:26:03-05:00,Apparel,59.99,True,01843
26,Zig-Zag King Skateboard,2022-01-19T15:27:06-05:00,Apparel,59.99,True,01844
27,Zig-Zag French Orange Skateboard,2022-01-19T15:23:56-05:00,Apparel,59.99,True,01842
28,Zig-Zag Blue Skateboard,2022-01-19T15:30:27-05:00,Apparel,59.99,True,01846
29,Zig Zag Hemp Wraps - OG Purp,2021-11-03T20:49:47-04:00,Hemp Wraps,21.99,True,10640
30,Zig Zag Hemp Wraps - Natural,2021-11-03T20:49:36-04:00,Hemp Wraps,21.99,True,10631
31,Zig Zag Hemp Wraps - Island Vibes,2021-11-03T20:49:40-04:00,Hemp Wraps,21.99,True,10634
32,Zig Zag Hemp Wraps - Blue Dream,2021-11-03T20:49:44-04:00,Hemp Wraps,21.99,True,10637
33,1879 Leather Duffle Bag - Unbleached,2021-11-23T18:33:16-05:00,Accessories,299.99,False,
34,1879 Leather Duffle Bag - French Orange,2021-11-23T18:32:13-05:00,Accessories,299.99,False,
35,1879 Leather Card Holder,2021-11-23T18:31:40-05:00,Accessories,49.99,False,
36,1879 Leather Rolling Tray,2021-11-23T18:30:33-05:00,Accessories,29.99,False,
37,1879 Floral Hoodie - Unbleached,2021-11-23T18:27:42-05:00,Apparel,69.99,False,
38,1879 Floral Hoodie - Unbleached,2021-11-23T18:27:42-05:00,Apparel,69.99,False,
39,1879 Floral Hoodie - Unbleached,2021-11-23T18:27:42-05:00,Apparel,69.99,False,
40,1879 Floral Hoodie - Unbleached,2021-11-23T18:27:42-05:00,Apparel,69.99,False,
41,1879 Floral Hoodie - Unbleached,2021-11-23T18:27:42-05:00,Apparel,69.99,False,
42,1879 Floral Hoodie - Black,2021-11-23T18:26:33-05:00,Apparel,69.99,False,
43,1879 Floral Hoodie - Black,2021-11-23T18:26:33-05:00,Apparel,69.99,False,
44,1879 Floral Hoodie - Black,2021-11-23T18:26:33-05:00,Apparel,69.99,False,
45,1879 Floral Hoodie - Black,2021-11-23T18:26:33-05:00,Apparel,69.99,False,
46,1879 Floral Hoodie - Black,2021-11-23T18:26:33-05:00,Apparel,69.99,False,
47,1879 Zouave Joggers - Unbleached,2021-11-23T18:25:09-05:00,Apparel,59.99,False,
48,1879 Zouave Joggers - Unbleached,2021-11-23T18:25:09-05:00,Apparel,59.99,False,
49,1879 Zouave Joggers - Unbleached,2021-11-23T18:25:09-05:00,Apparel,59.99,False,
50,1879 Zouave Joggers - Unbleached,2021-11-23T18:25:09-05:00,Apparel,59.99,False,
51,1879 Zouave Joggers - Unbleached,2021-11-23T18:25:09-05:00,Apparel,59.99,False,
52,1879 Zouave Joggers - Unbleached,2021-11-23T18:25:09-05:00,Apparel,59.99,False,
53,1879 Zouave Joggers - Black,2021-11-23T18:15:53-05:00,Apparel,59.99,False,
54,1879 Zouave Joggers - Black,2021-11-23T18:15:53-05:00,Apparel,59.99,False,
55,1879 Zouave Joggers - Black,2021-11-23T18:15:53-05:00,Apparel,59.99,False,
56,1879 Zouave Joggers - Black,2021-11-23T18:15:53-05:00,Apparel,59.99,False,
57,1879 Zouave Joggers - Black,2021-11-23T18:15:53-05:00,Apparel,59.99,False,
58,1879 Zouave Joggers - Black,2021-11-23T18:15:53-05:00,Apparel,59.99,False,
59,1879 Braunstein Freres Long Sleeve - White,2021-11-23T18:14:22-05:00,Apparel,44.99,False,
60,1879 Braunstein Freres Long Sleeve - White,2021-11-23T18:14:22-05:00,Apparel,44.99,False,
61,1879 Braunstein Freres Long Sleeve - White,2021-11-23T18:14:22-05:00,Apparel,44.99,False,
62,1879 Braunstein Freres Long Sleeve - White,2021-11-23T18:14:22-05:00,Apparel,44.99,False,
63,1879 Braunstein Freres Long Sleeve - White,2021-11-23T18:14:22-05:00,Apparel,44.99,False,
64,1879 Braunstein Freres Long Sleeve - Black,2021-11-23T18:11:59-05:00,Apparel,44.99,False,
65,1879 Braunstein Freres Long Sleeve - Black,2021-11-23T18:11:59-05:00,Apparel,44.99,False,
66,1879 Braunstein Freres Long Sleeve - Black,2021-11-23T18:11:59-05:00,Apparel,44.99,False,
67,1879 Braunstein Freres Long Sleeve - Black,2021-11-23T18:11:59-05:00,Apparel,44.99,False,
68,1879 Braunstein Freres Long Sleeve - Black,2021-11-23T18:11:59-05:00,Apparel,44.99,False,
69,1879 Floral T-Shirt,2021-11-23T18:08:18-05:00,Apparel,34.99,False,
70,1879 Floral T-Shirt,2021-11-23T18:08:18-05:00,Apparel,34.99,False,
71,1879 Floral T-Shirt,2021-11-23T18:08:18-05:00,Apparel,34.99,False,
72,1879 Floral T-Shirt,2021-11-23T18:08:18-05:00,Apparel,34.99,False,
73,1879 Floral T-Shirt,2021-11-23T18:08:18-05:00,Apparel,34.99,False,
74,1879 Qualite Superieure T-Shirt - White,2021-11-23T17:53:26-05:00,Apparel,34.99,False,
75,1879 Qualite Superieure T-Shirt - White,2021-11-23T17:53:26-05:00,Apparel,34.99,False,
76,1879 Qualite Superieure T-Shirt - White,2021-11-23T17:53:26-05:00,Apparel,34.99,False,
77,1879 Qualite Superieure T-Shirt - White,2021-11-23T17:53:26-05:00,Apparel,34.99,False,
78,1879 Qualite Superieure T-Shirt - White,2021-11-23T17:53:26-05:00,Apparel,34.99,False,
79,1879 Qualite Superieure T-Shirt - Black,2021-11-23T17:51:45-05:00,Apparel,34.99,False,
80,1879 Qualite Superieure T-Shirt - Black,2021-11-23T17:51:45-05:00,Apparel,34.99,False,
81,1879 Qualite Superieure T-Shirt - Black,2021-11-23T17:51:45-05:00,Apparel,34.99,False,
82,1879 Qualite Superieure T-Shirt - Black,2021-11-23T17:51:45-05:00,Apparel,34.99,False,
83,1879 Qualite Superieure T-Shirt - Black,2021-11-23T17:51:45-05:00,Apparel,34.99,False,
84,1879 Le Zouave Varsity Jacket - Unbleached,2021-11-23T17:50:32-05:00,Apparel,249.99,False,
85,1879 Le Zouave Varsity Jacket - Unbleached,2021-11-23T17:50:32-05:00,Apparel,249.99,False,
86,1879 Le Zouave Varsity Jacket - Unbleached,2021-11-23T17:50:32-05:00,Apparel,249.99,False,
87,1879 Le Zouave Varsity Jacket - Unbleached,2021-11-23T17:50:32-05:00,Apparel,249.99,False,
88,1879 Le Zouave Varsity Jacket - Unbleached,2021-11-23T17:50:32-05:00,Apparel,249.99,False,
89,1879 Le Zouave Varsity Jacket - Unbleached,2021-11-23T17:50:32-05:00,Apparel,249.99,False,
90,1879 Le Zouave Varsity Jacket - Black,2021-11-23T17:46:25-05:00,Apparel,249.99,False,
91,1879 Le Zouave Varsity Jacket - Black,2021-11-23T17:46:25-05:00,Apparel,249.99,False,
92,1879 Le Zouave Varsity Jacket - Black,2021-11-23T17:46:25-05:00,Apparel,249.99,False,
93,1879 Le Zouave Varsity Jacket - Black,2021-11-23T17:46:25-05:00,Apparel,249.99,False,
94,1879 Le Zouave Varsity Jacket - Black,2021-11-23T17:46:25-05:00,Apparel,249.99,False,
95,1879 Le Zouave Varsity Jacket - Black,2021-11-23T17:46:25-05:00,Apparel,249.99,False,
96,King Size Bulk Unbleached Cones - (800 Cone Carton),2021-11-04T15:37:11-04:00,Bulk Cones,95.00,True,00813
97,King Size Bulk Cones - (800 Cone Carton),2021-11-04T15:37:14-04:00,Bulk Cones,95.00,True,00811
98,1 1/4 Bulk Unbleached Cones - (900 Cone Carton),2021-11-04T15:37:08-04:00,Bulk Cones,95.00,True,00803
99,1 1/4 Bulk Cones - (900 Cone Carton),2021-11-04T15:37:04-04:00,Bulk Cones,95.00,True,00801
100,Zig-Zag Classic Socks - Orange,2021-07-07T17:17:14-04:00,Apparel,10.99,False,60264
101,Zig-Zag Hemp Socks,2021-07-07T17:14:59-04:00,Apparel,10.99,True,60263
102,Pre-Rolled Tips,2021-05-26T12:53:12-04:00,Accessories,34.20,True,00880
103,Pre-Rolled Tips,2021-05-26T12:53:12-04:00,Accessories,2.02,True,00879
104,6 Pack Ultra Thin Papers 1 1/2,2021-04-22T15:32:49-04:00,Papers,13.25,True,01810
105,6 Pack King Size Rolling Papers,2021-04-23T13:38:55-04:00,Papers,13.25,True,01813
106,6 Pack Unbleached Papers King Slim,2021-04-23T13:07:43-04:00,Papers,7.19,True,01812
107,6 Pack Organic Hemp Papers King Slim,2021-04-23T13:04:18-04:00,Papers,7.19,True,01811
108,6 Pack Kutcorners Slow Burning Papers,2021-04-22T15:27:53-04:00,Papers,11.93,True,01808
109,Mini Bulk Unbleached Cones 98's - 75 Count,2021-04-23T15:18:06-04:00,Cones,17.99,True,00830
110,Mini Bulk Unbleached Cones 98's - 50 Count,2021-04-23T14:39:55-04:00,Cones,14.99,True,00828
111,Mini Bulk Unbleached Cones 98's - 100 Count,2021-04-23T15:19:46-04:00,Cones,24.99,True,00832
112,Mini Bulk Unbleached Cones 1 1/4 - 50 Count,2021-04-19T19:49:20-04:00,Cones,14.99,True,00819
113,Mini Bulk Unbleached Cones 1 1/4 - 100 Count,2021-04-19T20:08:20-04:00,Cones,24.99,True,00824
114,Mini Bulk Unbleached Cones King Size - 75 Count,2021-04-19T20:11:03-04:00,Cones,17.99,True,00836
115,Mini Bulk Unbleached Cones King Size - 100 Count,2021-04-19T20:09:38-04:00,Cones,22.49,True,00839
116,Mini Bulk Unbleached Cones 1 1/4 - 75 Count,2021-04-19T20:06:59-04:00,Cones,17.99,True,00822
117,Mini Bulk Unbleached Cones King Size - 50 Count,2021-04-19T20:12:13-04:00,Cones,13.49,True,00834
118,Zig-Zag Inflatable Cone,2020-04-24T18:23:40-04:00,Accessories,10.79,False,E424352
119,Black Drawstring Bag,2020-04-24T18:36:56-04:00,Accessories,7.20,True,60286
120,Super Unbleached Cone Bundle,2021-03-04T17:24:20-05:00,Bundle,26.99,False,01821
121,Wide Rolling Tips,2021-01-25T14:05:22-05:00,Accessories,31.50,True,00876
122,Wide Rolling Tips,2021-01-25T14:05:22-05:00,Accessories,0.90,True,00874
123,Original Rolling Tips,2021-01-25T13:45:37-05:00,Accessories,31.50,True,00872
124,Original Rolling Tips,2021-01-25T13:45:37-05:00,Accessories,1.12,True,00871
125,6 Pack Unbleached King Size Cones,2021-02-17T14:23:53-05:00,Cones,7.99,True,01820
126,Unbleached Cones King,2021-01-27T18:31:02-05:00,Cones,28.20,True,00775
127,Unbleached Cones King,2021-01-27T18:31:02-05:00,Cones,1.40,True,00776
128,Zig-Zag Logo Beanie - Neon Orange,2019-12-23T20:11:40-05:00,Apparel,16.19,True,60259
129,Zig-Zag Qualite Superieure Hoodie - Heather,2021-01-12T14:17:42-05:00,Apparel,44.99,True,70067
130,Zig-Zag Qualite Superieure Hoodie - Heather,2021-01-12T14:17:42-05:00,Apparel,44.99,True,70068
131,Zig-Zag Qualite Superieure Hoodie - Heather,2021-01-12T14:17:42-05:00,Apparel,44.99,True,70069
132,Zig-Zag Qualite Superieure Hoodie - Heather,2021-01-12T14:17:42-05:00,Apparel,44.99,True,70070
133,Zig-Zag Qualite Superieure Hoodie - Heather,2021-01-12T14:17:42-05:00,Apparel,44.99,True,70071
134,Zig-Zag Logo Beanie - Neon Green,2021-01-12T14:45:09-05:00,Apparel,16.19,True,70066
135,Zig-Zag Classic Emblem Women's Tank Top - Black,2020-11-23T21:39:33-05:00,Apparel,17.99,True,70055
136,Zig-Zag Classic Emblem Women's Tank Top - Black,2020-11-23T21:39:33-05:00,Apparel,17.99,True,70057
137,Zig-Zag Classic Emblem Women's Tank Top - Black,2020-11-23T21:39:33-05:00,Apparel,17.99,True,70059
138,Zig-Zag Classic Emblem Women's Tank Top - Black,2020-11-23T21:39:33-05:00,Apparel,17.99,True,70061
139,Zig-Zag Classic Emblem Women's Tank Top - Black,2020-11-23T21:39:33-05:00,Apparel,17.99,True,70063
140,Zig-Zag Classic Emblem Women's Tank Top - White,2020-11-23T21:33:46-05:00,Apparel,17.99,True,70045
141,Zig-Zag Classic Emblem Women's Tank Top - White,2020-11-23T21:33:46-05:00,Apparel,17.99,True,70047
142,Zig-Zag Classic Emblem Women's Tank Top - White,2020-11-23T21:33:46-05:00,Apparel,17.99,True,70049
143,Zig-Zag Classic Emblem Women's Tank Top - White,2020-11-23T21:33:46-05:00,Apparel,17.99,True,70051
144,Zig-Zag Classic Emblem Women's Tank Top - White,2020-11-23T21:33:46-05:00,Apparel,17.99,True,70053
145,Zig-Zag Distressed Classic T-Shirt - Orange,2020-11-23T21:30:24-05:00,Apparel,17.99,True,70035
146,Zig-Zag Distressed Classic T-Shirt - Orange,2020-11-23T21:30:24-05:00,Apparel,17.99,True,70037
147,Zig-Zag Distressed Classic T-Shirt - Orange,2020-11-23T21:30:24-05:00,Apparel,17.99,False,70039
148,Zig-Zag Distressed Classic T-Shirt - Orange,2020-11-23T21:30:24-05:00,Apparel,17.99,True,70041
149,Zig-Zag Distressed Classic T-Shirt - Orange,2020-11-23T21:30:24-05:00,Apparel,17.99,True,70043
150,Gold Boris T-Shirt - Black,2020-11-23T21:27:12-05:00,Apparel,17.99,True,70025
151,Gold Boris T-Shirt - Black,2020-11-23T21:27:12-05:00,Apparel,17.99,True,70027
152,Gold Boris T-Shirt - Black,2020-11-23T21:27:12-05:00,Apparel,17.99,True,70029
153,Gold Boris T-Shirt - Black,2020-11-23T21:27:12-05:00,Apparel,17.99,True,70031
154,Gold Boris T-Shirt - Black,2020-11-23T21:27:12-05:00,Apparel,17.99,True,70033
155,Zig-Zag Qualite Superieure T-Shirt - White,2020-11-23T20:41:20-05:00,Apparel,17.99,True,70015
156,Zig-Zag Qualite Superieure T-Shirt - White,2020-11-23T20:41:20-05:00,Apparel,17.99,True,70017
157,Zig-Zag Qualite Superieure T-Shirt - White,2020-11-23T20:41:20-05:00,Apparel,17.99,True,70019
158,Zig-Zag Qualite Superieure T-Shirt - White,2020-11-23T20:41:20-05:00,Apparel,17.99,True,70021
159,Zig-Zag Qualite Superieure T-Shirt - White,2020-11-23T20:41:20-05:00,Apparel,17.99,True,70023
160,6 Pack Unbleached Cones 1 1/4,2020-09-28T17:37:16-04:00,Cones,8.99,True,01806
161,6 Pack King Size Cones,2020-09-28T17:31:34-04:00,Cones,7.99,True,01805
162,6 Pack Cones 1 1/4,2020-09-28T17:26:56-04:00,Cones,8.99,True,01803
163,6 Pack Unbleached Papers 1 1/4,2020-09-28T17:24:25-04:00,Papers,7.99,True,01802
164,6 Pack Organic Hemp Papers 1 1/4,2020-09-28T17:19:27-04:00,Papers,7.99,True,01801
165,6 Pack Ultra Thin Papers 1 1/4,2020-09-28T17:14:57-04:00,Papers,11.93,True,01800
166,6 Pack Original White Papers,2020-09-28T17:06:16-04:00,Papers,13.25,True,01799
167,6 Pack French Orange Rolling Papers 1 1/4,2020-09-28T16:38:07-04:00,Papers,13.25,True,01798
168,Tie Dye and Cones Bundle,2020-09-01T13:46:03-04:00,Bundle,17.99,True,01792
169,Ultra Bundle,2020-09-01T14:00:13-04:00,Bundle,13.49,True,01793
170,Cone-venient Bundle,2020-09-01T13:19:10-04:00,Bundle,14.99,True,01791
171,Unbleached Cones 1 1/4,2020-08-20T19:07:07-04:00,Cones,30.45,True,00768
172,Unbleached Cones 1 1/4,2020-08-20T19:07:07-04:00,Cones,1.62,True,00769
173,Step and Repeat Smoking Socks,2020-05-18T21:14:25-04:00,Apparel,10.99,False,60261
174,Small Orange Rolling Tray,2020-06-03T20:07:45-04:00,Accessories,7.20,True,99107
175,Large Tie-Dye Rolling Tray,2020-06-03T20:10:37-04:00,Accessories,10.80,True,99124
176,Large Paper Mix Rolling Tray,2020-06-03T20:11:26-04:00,Accessories,10.80,True,99128
177,Small Black Rolling Tray,2020-06-03T20:09:17-04:00,Accessories,7.20,True,99105
178,Classic White Zouave Socks,2020-05-18T21:12:44-04:00,Apparel,10.99,False,60262
179,Classic Black Knit Socks,2020-05-18T20:39:48-04:00,Apparel,10.99,False,60260
180,Zig-Zag Logo Beanie - Black,2019-12-23T20:12:29-05:00,Apparel,16.19,True,60258
181,Zig-Zag No 225 T-Shirt,2019-12-23T15:29:15-05:00,Apparel,17.99,True,60253
182,Zig-Zag No 225 T-Shirt,2019-12-23T15:29:15-05:00,Apparel,17.99,True,60254
183,Zig-Zag No 225 T-Shirt,2019-12-23T15:29:15-05:00,Apparel,17.99,True,60255
184,Zig-Zag No 225 T-Shirt,2019-12-23T15:29:15-05:00,Apparel,17.99,True,60256
185,Zig-Zag No 225 T-Shirt,2019-12-23T15:29:15-05:00,Apparel,17.99,True,60257
186,Zig-Zag Logo Hoodie - Desert,2019-12-19T23:17:56-05:00,Apparel,44.99,True,60235
187,Zig-Zag Logo Hoodie - Desert,2019-12-19T23:17:56-05:00,Apparel,44.99,True,60236
188,Zig-Zag Logo Hoodie - Desert,2019-12-19T23:17:56-05:00,Apparel,44.99,True,60237
189,Zig-Zag Logo Hoodie - Desert,2019-12-19T23:17:56-05:00,Apparel,44.99,True,60238
190,Zig-Zag Logo Hoodie - Desert,2019-12-19T23:17:56-05:00,Apparel,44.99,True,60239
191,Zig-Zag Logo Hoodie - Black,2019-12-19T23:14:23-05:00,Apparel,44.99,True,60223
192,Zig-Zag Logo Hoodie - Black,2019-12-19T23:14:23-05:00,Apparel,44.99,True,60224
193,Zig-Zag Logo Hoodie - Black,2019-12-19T23:14:23-05:00,Apparel,44.99,True,60225
194,Zig-Zag Logo Hoodie - Black,2019-12-19T23:14:23-05:00,Apparel,44.99,True,60226
195,Zig-Zag Logo Hoodie - Black,2019-12-19T23:14:23-05:00,Apparel,44.99,True,60227
196,Zig-Zag 1879 T-Shirt - White,2019-12-23T15:31:58-05:00,Apparel,17.99,True,60241
197,Zig-Zag 1879 T-Shirt - White,2019-12-23T15:31:58-05:00,Apparel,17.99,True,60242
198,Zig-Zag 1879 T-Shirt - White,2019-12-23T15:31:58-05:00,Apparel,17.99,True,60243
199,Zig-Zag 1879 T-Shirt - White,2019-12-23T15:31:58-05:00,Apparel,17.99,True,60244
200,Zig-Zag 1879 T-Shirt - White,2019-12-23T15:31:58-05:00,Apparel,17.99,False,60245
201,Zig-Zag Hemp T-Shirt - Cream,2019-12-23T15:20:47-05:00,Apparel,17.99,False,60247
202,Zig-Zag Hemp T-Shirt - Cream,2019-12-23T15:20:47-05:00,Apparel,17.99,False,60248
203,Zig-Zag Hemp T-Shirt - Cream,2019-12-23T15:20:47-05:00,Apparel,17.99,False,60249
204,Zig-Zag Hemp T-Shirt - Cream,2019-12-23T15:20:47-05:00,Apparel,17.99,False,60250
205,Zig-Zag Hemp T-Shirt - Cream,2019-12-23T15:20:47-05:00,Apparel,17.99,True,60251
206,Zig-Zag Classic Hoodie - Black,2019-12-19T23:19:20-05:00,Apparel,44.99,True,60229
207,Zig-Zag Classic Hoodie - Black,2019-12-19T23:19:20-05:00,Apparel,44.99,True,60230
208,Zig-Zag Classic Hoodie - Black,2019-12-19T23:19:20-05:00,Apparel,44.99,True,60231
209,Zig-Zag Classic Hoodie - Black,2019-12-19T23:19:20-05:00,Apparel,44.99,True,60232
210,Zig-Zag Classic Hoodie - Black,2019-12-19T23:19:20-05:00,Apparel,44.99,True,60233
211,Ultra Thin Bundle,2020-01-02T19:09:56-05:00,Bundle,13.49,True,01778
212,Orange Bundle,2020-01-02T18:56:40-05:00,Bundle,12.15,True,01775
213,Cones Super Bundle,2020-01-02T18:51:45-05:00,Bundle,17.99,True,01776
214,Cones Starter Bundle,2020-01-02T18:48:58-05:00,Bundle,13.49,True,01773
215,OG Bundle,2020-01-02T17:23:49-05:00,Bundle,17.99,True,01771
216,Hemp Bundle,2020-01-02T17:01:50-05:00,Bundle,9.45,True,01770
217,Small Classic Rolling Tray,2019-12-23T17:27:06-05:00,Accessories,7.20,True,99101
218,Zig-Zag Logo Hat - Black & Gold,2019-11-26T21:08:55-05:00,Apparel,16.19,False,60280
219,Zig-Zag Classic Hat - Orange,2019-11-26T21:07:49-05:00,Apparel,16.19,False,60282
220,Zig-Zag Classic T-Shirt - Black,2019-11-26T21:05:18-05:00,Apparel,17.99,True,60214
221,Zig-Zag Classic T-Shirt - Black,2019-11-26T21:05:18-05:00,Apparel,17.99,False,60216
222,Zig-Zag Classic T-Shirt - Black,2019-11-26T21:05:18-05:00,Apparel,17.99,False,60218
223,Zig-Zag Classic T-Shirt - Black,2019-11-26T21:05:18-05:00,Apparel,17.99,False,60220
224,Zig-Zag Classic T-Shirt - Black,2019-11-26T21:05:18-05:00,Apparel,17.99,True,60211
225,Large Classic Rolling Tray,2019-11-26T21:02:11-05:00,Accessories,10.80,True,99119
226,Small Hemp Rolling Tray,2019-11-26T21:00:19-05:00,Accessories,7.20,True,99103
227,Large White Rolling Tray,2019-11-26T20:59:18-05:00,Accessories,10.80,True,99122
228,Cigarette Roller 100MM,2019-11-26T20:58:08-05:00,Accessories,3.25,True,99023
229,Cigarette Roller 100MM,2019-11-26T20:58:08-05:00,Accessories,31.20,True,99022
230,Cigarette Roller 78MM,2019-11-26T20:57:08-05:00,Accessories,3.15,True,99020
231,Cigarette Roller 78MM,2019-11-26T20:57:08-05:00,Accessories,30.24,True,99018
232,Unbleached King Slim Papers,2019-11-26T20:53:19-05:00,Papers,27.12,True,00728
233,Unbleached King Slim Papers,2019-11-26T20:53:19-05:00,Papers,1.40,True,00729
234,King Size Rolling Papers,2019-11-26T20:52:11-05:00,Papers,45.60,True,00711
235,King Size Rolling Papers,2019-11-26T20:52:11-05:00,Papers,2.35,True,00007
236,French Orange Rolling Papers 1 1/4,2019-11-26T20:50:56-05:00,Papers,45.60,True,00724
237,French Orange Rolling Papers 1 1/4,2019-11-26T20:50:56-05:00,Papers,2.35,True,00002
238,Kutcorners Slow Burning Papers,2019-11-26T20:49:43-05:00,Papers,45.60,True,00742
239,Kutcorners Slow Burning Papers,2019-11-26T20:49:43-05:00,Papers,2.35,True,00004
240,Ultra Thin Papers 1 1/4,2019-11-26T20:48:06-05:00,Papers,45.60,True,00731
241,Ultra Thin Papers 1 1/4,2019-11-26T20:48:06-05:00,Papers,2.35,True,00732
242,Ultra Thin Papers 1 1/2,2019-11-26T20:46:23-05:00,Papers,45.60,True,09734
243,Ultra Thin Papers 1 1/2,2019-11-26T20:46:23-05:00,Papers,2.35,True,09735
244,Original White Papers,2019-11-26T20:41:22-05:00,Papers,45.60,True,00702
245,Original White Papers,2019-11-26T20:41:22-05:00,Papers,2.35,True,00001
246,Organic Hemp Papers 1 1/4,2019-11-26T20:40:14-05:00,Papers,27.12,True,00737
247,Organic Hemp Papers 1 1/4,2019-11-26T20:40:14-05:00,Papers,1.40,True,00738
248,King Slim Organic Hemp Papers,2019-11-26T20:38:45-05:00,Papers,30.00,True,00797
249,King Slim Organic Hemp Papers,2019-11-26T20:38:45-05:00,Papers,1.55,True,00798
250,Cones 1 1/4,2019-11-26T20:35:03-05:00,Cones,33.70,True,00717
251,Cones 1 1/4,2019-11-26T20:35:03-05:00,Cones,1.80,True,00018
252,Zig-Zag Classic Hat - White,2019-11-26T21:07:32-05:00,Apparel,16.19,True,60284
253,Zig-Zag Classic T-Shirt - White,2019-11-26T21:05:02-05:00,Apparel,17.99,True,60202
254,Zig-Zag Classic T-Shirt - White,2019-11-26T21:05:02-05:00,Apparel,17.99,False,60204
255,Zig-Zag Classic T-Shirt - White,2019-11-26T21:05:02-05:00,Apparel,17.99,False,60206
256,Zig-Zag Classic T-Shirt - White,2019-11-26T21:05:02-05:00,Apparel,17.99,False,60208
257,Zig-Zag Classic T-Shirt - White,2019-11-26T21:05:02-05:00,Apparel,17.99,True,60210
258,Cigarette Roller 70MM,2019-11-26T20:56:53-05:00,Accessories,2.75,True,99019
259,Cigarette Roller 70MM,2019-11-26T20:56:53-05:00,Accessories,26.40,True,99016
260,Unbleached Papers 1 1/4,2019-11-26T20:38:20-05:00,Papers,27.12,True,00735
261,Unbleached Papers 1 1/4,2019-11-26T20:38:20-05:00,Papers,1.40,True,00740
262,King Size Cones,2019-11-26T20:34:42-05:00,Cones,28.20,True,00714
263,King Size Cones,2019-11-26T20:34:42-05:00,Cones,1.40,True,00015
